Unique_ID,First_name,Last_name,Salary,Department,Civil_status
1,John,Lennon,230000,Projects,Married
2,Joan,Doe,100000,Human Resources,Single
3,Mary,Carpenter,250000,Projects,Separated
4,Bill,Ingham,125000,Projects,Single
5,Rachel,Sturgeon,197000,Engineering,Married
6,Hanifa,Salima,50000,Engineering,Married
7,Femi,Okeke,425000,Industries,Married
8,Moe,Khalifa,325000,Industries,Married
9,Katy,Jones,475000,Management,Single
10,Lin,Wang,435000,Engineering,Married
11,Art,Blanket,137000,Projects,Single
12,Vivek,Singh,231000,Industries,Married
13,Amal,Khan,230000,Projects,Single
14,Richard,Carpenter,123000,Human Resources,Single
15,Ryuichi,Sakamoto,200000,Processing Facilities,Single
